{   
	"title": "Monody",    
	"artist": "TheFatRat (Feat. Laura Brehm)",    
	"preview_start_time": 399,    
	"release_year": "2015",    
	"source": "Custom",    
	"album": "Single",    
	"loading_phrase": "Holding on, memories never change",    
	"genres": [    
		"Electronic"    
	],    
	"charters": [
		"Jaydenz"	
	],
	"length": 170,
	"icon_drums": "Drum",
	"icon_bass": "Bass",
	"icon_guitar": "Guitar",
	"icon_vocals": "Vocals",
	"diff": {
		"guitar": 4
	},
	"midi": "monody.mid",
	"art": "cover.png",
	"stems": {
		"drums": [
			"drums.ogg"
		],
		"bass": "bass.ogg",
		"lead": "lead.ogg",
		"vocals": "vocals.ogg",
		"backing": [
			"backing.ogg"			
		]
	}
}