{   
	"title": "My Head & My Heart",    
	"artist": "Ava Max",    
	"preview_start_time": 33,    
	"release_year": "2021",    
	"source": "",    
	"album": "Heaven & Hell",    
	"loading_phrase": "",    
	"genres": [    
		"Pop"    
	],    
	"charters": [
		"Jaydenz"	
	],
	"length": 179,
	"icon_drums": "Drum",
	"icon_bass": "Bass",
	"icon_guitar": "Guitar",
	"icon_vocals": "Vocals",
	"diff": {
		"guitar": 4
	},
	"midi": "myheadandmyheart.mid",
	"art": "cover.png",
	"stems": {
		"drums": [
			"drums.ogg"
		],
		"bass": "bass.ogg",
		"lead": "lead.ogg",
		"vocals": "vocals.ogg",
		"backing": [
			"backing.ogg"			
		]
	}
}