{   
	"title": "Lost Your Faith",    
	"artist": "Ava Max",    
	"preview_start_time": 33,    
	"release_year": "2025",    
	"source": "",    
	"album": "AM3",    
	"loading_phrase": "",    
	"genres": [    
		"Pop"    
	],    
	"charters": [
		"Jaydenz"	
	],
	"length": 196,
	"icon_drums": "Drum",
	"icon_bass": "Bass",
	"icon_guitar": "Guitar",
	"icon_vocals": "Vocals",
	"diff": {
		"guitar": 5
	},
	"midi": "faith.mid",
	"art": "cover.png",
	"stems": {
		"drums": [
			"drums.ogg"
		],
		"bass": "bass.ogg",
		"lead": "lead.ogg",
		"vocals": "vocals.ogg",
		"backing": [
			"backing.ogg"			
		]
	}
}