{   
	"title": "Unsure",    
	"artist": "Alan Walker & Kylie Cantrall",    
	"preview_start_time": 399,    
	"release_year": "2024",    
	"source": "",    
	"album": "Walkerworld 2.0",    
	"loading_phrase": "I'm so Unsure?",    
	"genres": [    
		"Pop"    
	],    
	"charters": [
		"Jaydenz"	
	],
	"length": 170,
	"icon_drums": "Drum",
	"icon_bass": "Bass",
	"icon_guitar": "Guitar",
	"icon_vocals": "Vocals",
	"diff": {
		"guitar": 4,
		"vocals": 3
	},
	"midi": "unsure.mid",
	"art": "cover.png",
	"stems": {
		"drums": [
			"drums.ogg"
		],
		"bass": "bass.ogg",
		"lead": "lead.ogg",
		"vocals": "vocals.ogg",
		"backing": [
			"backing.ogg"			
		]
	}
}